<?xml version="1.0" encoding="UTF-8"?>
<!DOCTYPE mapper
    PUBLIC "-//mybatis.org//DTD Mapper 3.0//EN"
    "http://mybatis.org/dtd/mybatis-3-mapper.dtd">
<mapper namespace="com.ssm.dao.UserMapper">

<update id="updateUser" parameterType="user">
	update user
	<set>
		<if test="name!=null and name!=''">name=#{name},</if>
		<if test="password!=null and password!=''">password=#{password},</if>
		<if test="age!=null">age=#{age},</if>
		<if test="sex!=null and sex!=''">sex=#{sex},</if>
		<if test="nickname!=null and nickname!=''">nickname=#{nickname},</if>
		<if test="usertype!=null">usertype=#{usertype}</if>
	</set>
	where id=#{id}
</update>
  
</mapper>